{"text": " \u041f\u0440\u043e\u0432\u0435\u0440\u043a\u0430, \u0430\u043a\u0438.", "segments": [{"id": 0, "seek": 0, "start": 0.0, "end": 2.0, "text": " \u041f\u0440\u043e\u0432\u0435\u0440\u043a\u0430, \u0430\u043a\u0438.", "tokens": [50364, 2608, 6680, 1135, 2833, 11, 2559, 2241, 13, 50464], "temperature": 0.0, "avg_logprob": -0.8356177590110085, "compression_ratio": 0.78125, "no_speech_prob": 0.33884570002555847}], "language": "ru"}